{
    "opensanscondensed-light": {
        "normal": "C:\\laragon\\www\\web-based-english-test\\vendor\\dompdf\\dompdf\/lib\/fonts\/OpenSansCondensed-Light",
        "bold": "C:\\laragon\\www\\web-based-english-test\\vendor\\dompdf\\dompdf\/lib\/fonts\/OpenSansCondensed-Light",
        "italic": "C:\\laragon\\www\\web-based-english-test\\vendor\\dompdf\\dompdf\/lib\/fonts\/OpenSansCondensed-Light",
        "bold_italic": "C:\\laragon\\www\\web-based-english-test\\vendor\\dompdf\\dompdf\/lib\/fonts\/OpenSansCondensed-Light"
    },
    "lobster": {
        "normal": "lobster_normal_afcd4db82c62bc68e123f0e1a5422e8e",
        "bold": "C:\\laragon\\www\\web-based-english-test\\storage\\fonts\/Lobster",
        "italic": "C:\\laragon\\www\\web-based-english-test\\storage\\fonts\/Lobster",
        "bold_italic": "C:\\laragon\\www\\web-based-english-test\\storage\\fonts\/Lobster"
    },
    "arial": {
        "normal": "arial_normal_3031318e57f10fabd7445211cd25506b"
    }
}